typ;name;iso2;laenge;breite;kapazitaet_teu;groesse_fuss;ware_code;anzahl
STADT;Rostock;DE;12.1402;54.0924;10;;;
STADT;Freiburg;DE;7.8522;47.9990;8;;;
STADT;Montpellier;FR;3.8767;43.6119;10;;;
STADT;Rennes;FR;-1.6778;48.1173;8;;;
STADT;Szczecin;PL;14.5528;53.4285;12;;;
STADT;Alicante;ES;-0.4907;38.3452;10;;;
STADT;Stavanger;NO;5.7331;58.9700;8;;;
STADT;Leeds;GB;-1.5491;53.8008;10;;;
STADT;Lausanne;CH;6.6323;46.5197;8;;;
CONTAINER;Rostock;;;;;40;WEIZEN;2
CONTAINER;Freiburg;;;;;20;MASCHINEN;2
CONTAINER;Montpellier;;;;;40;KUEHLWARE;1
CONTAINER;Rennes;;;;;20;HOLZ;2
CONTAINER;Szczecin;;;;;40;EISEN;2
CONTAINER;Alicante;;;;;20;WEIZEN;2
CONTAINER;Stavanger;;;;;40;KOHLE;1
CONTAINER;Leeds;;;;;20;MASCHINEN;2
CONTAINER;Lausanne;;;;;20;KUEHLWARE;2
